cmso_object_id,cmso_link_id
0,0
1,0
2,0
3,0
4,0
5,0
6,0
7,0
8,0
9,0
10,0
11,0
12,0
13,0
14,0
15,0
16,0
17,0
18,0
19,0
20,0
21,0
22,1
23,1
24,1
25,1
26,1
27,1
28,1
29,1
30,1
31,1
32,1
33,1
34,1
35,1
36,1
37,1
38,1
39,1
40,1
41,1
42,1
43,1
44,1
45,1
46,1
47,1
48,1
49,1
50,1
51,1
52,1
53,1
54,1
55,1
56,2
57,2
58,2
59,2
60,2
61,2
62,2
63,2
64,2
65,2
66,2
67,2
68,2
69,2
70,2
71,2
72,2
73,2
74,2
75,2
76,2
77,2
78,3
79,3
80,3
81,3
82,3
83,3
84,3
85,3
86,3
87,3
88,3
89,3
90,3
91,3
92,3
93,3
94,3
95,3
96,3
97,3
98,3
99,3
100,3
101,3
102,3
103,3
104,3
105,3
106,3
107,3
108,3
109,3
110,3
111,4
112,4
113,4
114,4
115,4
116,4
117,4
118,4
119,4
120,4
121,4
122,4
123,4
124,4
125,4
126,4
127,5
128,5
129,5
130,5
131,5
132,5
133,5
134,5
135,5
136,5
137,5
138,5
139,6
140,6
141,6
142,6
143,6
144,6
145,6
146,6
147,6
148,6
149,6
150,6
151,6
152,6
153,6
154,6
155,6
156,7
157,7
158,7
159,7
160,7
161,7
162,7
163,7
164,7
165,7
166,7
167,7
168,7
169,7
170,7
171,7
172,7
173,7
174,7
175,7
176,7
177,7
178,7
179,7
180,7
181,7
182,7
183,7
184,7
185,7
186,7
187,7
188,7
189,7
190,7
191,7
192,7
193,7
194,7
195,7
196,7
197,7
198,7
199,7
200,7
201,7
202,7
203,7
204,7
205,7
206,7
207,7
208,7
209,7
210,7
211,7
212,7
213,7
214,7
215,7
216,7
217,7
218,7
219,7
220,7
221,7
222,7
223,7
224,7
225,7
226,7
227,7
228,7
229,7
230,7
231,7
232,7
233,7
234,7
235,7
236,7
237,7
238,7
239,7
240,7
241,7
242,8
243,8
244,8
245,8
246,8
247,8
248,8
249,8
250,8
251,8
252,8
253,8
254,8
255,8
256,8
257,8
258,8
259,8
260,8
261,8
262,8
263,8
264,8
265,8
266,8
267,8
268,8
269,8
270,8
271,8
272,8
273,8
274,8
275,8
276,8
277,8
278,8
279,8
280,8
281,8
282,8
283,8
284,8
285,8
286,8
287,8
288,8
289,8
290,8
291,8
292,8
293,8
294,8
295,8
296,8
297,8
298,8
299,8
300,8
301,8
302,8
303,8
304,8
305,8
306,8
307,8
308,8
309,8
310,8
311,9
312,9
313,9
314,9
315,9
316,9
317,9
318,9
319,9
320,9
321,9
322,9
323,9
324,9
325,9
326,9
327,9
328,9
329,9
330,9
331,9
332,9
333,9
334,9
335,9
336,9
337,9
338,9
339,9
340,9
341,9
342,9
343,9
344,9
345,9
346,9
347,9
348,9
349,9
350,9
351,9
352,9
353,9
354,9
355,9
356,9
357,9
358,9
359,9
360,9
361,9
362,9
363,9
364,9
365,9
366,9
367,9
368,9
369,9
370,9
371,9
372,9
373,9
374,9
375,9
376,9
377,9
378,9
379,9
380,9
381,9
382,9
383,9
384,9
385,9
386,9
387,9
388,9
389,9
390,9
391,9
392,9
393,9
394,10
395,10
396,10
397,10
398,10
399,10
400,10
401,10
402,10
403,10
404,10
405,10
406,10
407,10
408,10
409,10
410,10
411,10
412,10
413,10
414,10
415,10
416,10
417,10
418,10
419,10
420,10
421,10
422,10
423,10
424,10
425,10
426,10
427,10
428,10
429,10
430,10
431,10
432,10
433,10
434,10
435,10
436,10
437,10
438,10
439,10
440,10
441,10
442,10
443,10
444,10
445,10
446,10
447,10
448,10
449,10
450,10
451,10
452,10
453,10
454,10
455,10
456,10
457,10
458,10
459,10
460,10
461,10
462,10
463,10
464,10
465,10
466,10
467,10
468,10
469,10
470,10
471,10
472,10
473,10
474,10
475,10
476,10
477,10
478,10
479,10
480,10
481,10
482,11
483,11
484,11
485,11
486,11
487,11
488,11
489,11
490,11
491,11
492,11
493,11
494,11
495,11
496,11
497,11
498,11
499,11
500,11
501,11
502,11
503,11
504,11
505,11
506,11
507,11
508,11
509,11
510,11
511,11
512,11
513,11
514,11
515,11
516,11
517,11
518,11
519,11
520,11
521,11
522,11
523,11
524,11
525,11
526,11
527,11
528,11
529,11
530,11
531,11
532,11
533,11
534,11
535,11
536,11
537,11
538,11
539,11
540,11
541,11
542,11
543,11
544,11
545,11
546,11
547,11
548,11
549,11
550,11
551,11
552,11
553,11
554,11
555,11
556,11
557,11
558,11
559,11
560,11
561,11
562,12
563,12
564,12
565,12
566,12
567,12
568,12
569,12
570,12
571,12
572,12
573,12
574,12
575,12
576,12
577,12
578,12
579,12
580,12
581,12
582,12
583,12
584,12
585,12
586,12
587,12
588,12
589,12
590,12
591,12
592,12
593,12
594,12
595,12
596,12
597,12
598,12
599,12
600,12
601,12
602,12
603,12
604,12
605,12
606,12
607,12
608,12
609,12
610,12
611,12
612,12
613,12
614,12
615,12
616,13
617,13
618,13
619,13
620,13
621,13
622,13
623,13
624,13
625,13
626,13
627,13
628,13
629,13
630,13
631,13
632,13
633,13
634,13
635,13
636,13
637,13
638,13
639,13
640,13
641,13
642,13
643,13
644,13
645,13
646,13
647,13
648,13
649,13
650,13
651,13
652,13
653,13
654,13
655,13
656,13
657,13
658,14
659,14
660,14
661,14
662,14
663,14
664,14
665,14
666,14
667,14
668,14
669,14
670,14
671,14
672,15
673,15
674,15
675,15
676,15
677,15
678,15
679,15
680,15
681,15
682,15
683,15
684,15
685,15
686,15
687,15
688,15
689,16
690,16
691,16
692,16
693,16
694,16
695,16
696,16
697,16
698,16
699,16
700,16
701,16
702,16
703,16
704,16
705,16
706,16
707,16
708,16
709,16
710,16
711,16
712,16
713,16
714,16
715,16
716,17
717,17
718,17
719,17
720,17
721,17
722,17
723,17
724,17
725,17
726,17
727,17
728,17
729,17
730,17
731,17
732,17
733,17
734,17
735,17
736,17
737,17
738,17
739,17
740,17
741,17
742,17
743,17
744,17
745,17
746,17
747,17
748,17
749,17
750,17
751,17
752,17
753,17
754,17
755,17
756,17
757,17
758,17
759,17
760,17
761,17
762,17
763,17
764,17
765,17
766,17
767,17
768,17
769,17
770,17
771,17
772,17
773,17
774,17
775,17
776,17
777,17
778,17
779,17
780,17
781,17
782,17
783,17
784,17
785,17
786,17
787,17
788,17
789,17
790,17
791,17
792,17
793,17
794,17
795,17
796,17
797,17
798,17
799,17
800,17
801,17
802,17
803,17
804,17
805,17
806,17
807,17
808,17
809,17
810,17
811,17
812,17
813,17
814,17
815,17
816,17
817,17
818,17
819,17
820,17
821,17
822,17
823,17
824,17
825,17
826,17
827,17
828,17
829,17
830,17
831,17
832,17
833,17
834,17
835,17
836,17
837,17
838,17
839,17
840,17
841,17
842,17
843,17
844,17
845,17
846,17
847,17
848,17
849,17
850,17
851,17
852,17
853,18
854,18
855,18
856,18
857,18
858,18
859,18
860,18
861,18
862,18
863,18
864,18
865,18
866,18
867,18
868,18
869,18
870,18
871,18
872,18
873,18
874,18
875,18
876,18
877,18
878,18
879,18
880,18
881,18
882,18
883,18
884,18
885,18
886,18
887,18
888,18
889,18
890,18
891,18
892,18
893,18
894,18
895,18
896,18
897,18
898,18
899,18
900,18
901,18
902,18
903,18
904,18
905,18
906,18
907,18
908,18
909,18
910,18
911,18
912,18
913,18
914,18
915,18
916,18
917,18
918,18
919,18
920,18
921,18
922,18
923,18
924,18
925,18
926,18
927,18
928,18
929,18
930,18
931,18
932,18
933,18
934,18
935,18
936,18
937,18
938,18
939,18
940,18
941,18
942,18
943,18
944,18
945,18
946,18
947,18
948,18
949,18
950,18
951,18
952,18
953,18
954,18
955,18
956,18
957,18
958,18
959,18
960,18
961,18
962,18
963,18
964,18
965,18
966,18
967,18
968,18
969,18
970,18
971,18
972,18
973,18
974,18
975,18
976,18
977,18
978,18
979,18
980,18
981,19
982,19
983,19
984,19
985,19
986,19
987,19
988,19
989,19
990,19
991,19
992,19
993,19
994,19
995,19
996,19
997,19
998,19
999,19
1000,19
1001,19
1002,19
1003,19
1004,19
1005,19
1006,19
1007,19
1008,19
1009,19
1010,19
1011,19
1012,19
1013,19
1014,19
1015,19
1016,19
1017,19
1018,19
1019,19
1020,19
1021,19
1022,19
1023,19
1024,19
1025,19
1026,19
1027,19
1028,19
1029,19
1030,19
1031,19
1032,19
1033,19
1034,19
1035,19
1036,19
1037,19
1038,19
1039,19
1040,19
1041,19
1042,19
1043,19
1044,19
1045,19
1046,19
1047,19
1048,19
1049,19
1050,19
1051,19
1052,19
1053,19
1054,19
1055,19
1056,19
1057,19
1058,19
1059,19
1060,19
1061,19
1062,19
1063,19
1064,19
1065,19
1066,19
1067,19
1068,19
1069,19
1070,19
1071,19
1072,19
1073,19
1074,19
1075,19
1076,19
1077,19
1078,19
1079,19
1080,19
1081,19
1082,19
1083,19
1084,19
1085,19
1086,19
1087,19
1088,19
1089,19
1090,19
1091,19
1092,19
1093,19
1094,19
1095,19
1096,19
1097,19
1098,19
1099,19
1100,19
1101,19
1102,19
1103,19
1104,19
1105,19
1106,19
1107,19
1108,20
1109,20
1110,20
1111,20
1112,20
1113,20
1114,20
1115,20
1116,20
1117,20
1118,20
1119,20
1120,20
1121,20
1122,20
1123,20
1124,20
1125,20
1126,20
1127,20
1128,20
1129,20
1130,20
1131,20
1132,20
1133,20
1134,20
1135,20
1136,20
1137,20
1138,20
1139,20
1140,20
1141,20
1142,20
1143,20
1144,20
1145,20
1146,20
1147,20
1148,20
1149,20
1150,20
1151,20
1152,20
1153,20
1154,20
1155,20
1156,20
1157,20
1158,20
1159,20
1160,20
1161,20
1162,20
1163,20
1164,20
1165,20
1166,20
1167,20
1168,20
1169,20
1170,20
1171,20
1172,20
1173,20
1174,20
1175,20
1176,20
1177,20
1178,20
1179,20
1180,20
1181,20
1182,20
1183,20
1184,20
1185,20
1186,20
1187,20
1188,20
1189,20
1190,20
1191,20
1192,20
1193,20
1194,20
1195,20
1196,20
1197,20
1198,20
1199,20
1200,20
1201,20
1202,20
1203,20
1204,20
1205,20
1206,20
1207,20
1208,20
1209,20
1210,20
1211,20
1212,20
1213,20
1214,21
1215,21
1216,21
1217,21
1218,21
1219,21
1220,21
1221,21
1222,21
1223,21
1224,21
1225,21
1226,21
1227,21
1228,21
1229,21
1230,21
1231,21
1232,21
1233,21
1234,21
1235,21
1236,21
1237,21
1238,21
1239,21
1240,21
1241,21
1242,21
1243,21
1244,21
1245,21
1246,21
1247,21
1248,21
1249,21
1250,21
1251,21
1252,21
1253,21
1254,21
1255,21
1256,21
1257,21
1258,21
1259,21
1260,21
1261,21
1262,21
1263,21
1264,21
1265,21
1266,21
1267,21
1268,21
1269,21
1270,21
1271,21
1272,21
1273,21
1274,21
1275,21
1276,21
1277,21
1278,21
1279,21
1280,21
1281,21
1282,21
1283,21
1284,21
1285,21
1286,21
1287,21
1288,21
1289,21
1290,21
1291,21
1292,21
1293,21
1294,21
1295,21
1296,21
1297,21
1298,21
1299,21
1300,21
1301,21
1302,21
1303,21
1304,21
1305,21
1306,21
1307,21
1308,21
1309,21
1310,21
1311,21
1312,21
1313,21
1314,21
1315,21
1316,21
1317,21
1318,21
1319,21
1320,21
1321,21
1322,21
1323,21
1324,21
1325,21
1326,21
1327,21
1328,21
1329,21
1330,21
1331,21
1332,21
1333,21
1334,21
1335,21
1336,21
1337,21
1338,21
1339,21
1340,21
1341,21
1342,21
1343,21
1344,21
1345,22
1346,22
1347,22
1348,22
1349,22
1350,22
1351,22
1352,22
1353,22
1354,22
1355,22
1356,22
1357,22
1358,22
1359,22
1360,22
1361,22
1362,22
1363,22
1364,22
1365,22
1366,22
1367,22
1368,22
1369,22
1370,22
1371,22
1372,22
1373,22
1374,22
1375,22
1376,22
1377,22
1378,22
1379,22
1380,22
1381,22
1382,22
1383,22
1384,22
1385,22
1386,22
1387,22
1388,22
1389,22
1390,22
1391,22
1392,22
1393,22
1394,22
1395,22
1396,22
1397,22
1398,22
1399,22
1400,22
1401,22
1402,22
1403,22
1404,22
1405,22
1406,22
1407,22
1408,22
1409,22
1410,22
1411,22
1412,22
1413,22
1414,22
1415,22
1416,22
1417,22
1418,22
1419,22
1420,22
1421,22
1422,22
1423,22
1424,22
1425,22
1426,22
1427,22
1428,22
1429,22
1430,22
1431,22
1432,22
1433,22
1434,22
1435,22
1436,22
1437,22
1438,22
1439,22
1440,22
1441,22
1442,22
1443,22
1444,22
1445,22
1446,22
1447,22
1448,22
1449,22
1450,22
1451,22
1452,22
1453,22
1454,22
1455,22
1456,22
1457,22
1458,22
1459,22
1460,22
1461,22
1462,22
1463,22
1464,22
1465,22
1466,22
1467,22
1468,22
1469,22
1470,22
1471,22
1472,22
1473,22
1474,22
1475,22
1476,22
1477,23
1478,23
1479,23
1480,23
1481,23
1482,23
1483,23
1484,23
1485,23
1486,23
1487,23
1488,23
1489,23
1490,23
1491,23
1492,23
1493,23
1494,23
1495,23
1496,23
1497,23
1498,23
1499,23
1500,23
1501,23
1502,23
1503,23
1504,23
1505,23
1506,23
1507,23
1508,23
1509,23
1510,23
1511,23
1512,23
1513,23
1514,23
1515,23
1516,23
1517,23
1518,23
1519,23
1520,23
1521,23
1522,23
1523,23
1524,23
1525,23
1526,23
1527,23
1528,23
1529,23
1530,23
1531,23
1532,23
1533,23
1534,23
1535,23
1536,23
1537,23
1538,23
1539,23
1540,23
1541,23
1542,23
1543,23
1544,23
1545,23
1546,23
1547,23
1548,24
1549,24
1550,24
1551,24
1552,24
1553,24
1554,24
1555,24
1556,24
1557,24
1558,24
1559,24
1560,24
1561,24
1562,24
1563,24
1564,24
1565,24
1566,24
1567,24
1568,24
1569,24
1570,24
1571,24
1572,24
1573,24
1574,24
1575,24
1576,24
1577,24
1578,24
1579,24
1580,24
1581,24
1582,24
1583,24
1584,24
1585,25
1586,25
1587,25
1588,25
1589,25
1590,25
1591,25
1592,25
1593,25
1594,25
1595,25
1596,25
1597,25
1598,25
1599,25
1600,25
1601,25
1602,25
1603,25
1604,25
1605,25
1606,25
1607,25
1608,25
1609,25
1610,25
1611,25
1612,25
1613,25
1614,25
1615,25
1616,25
1617,25
1618,25
1619,25
1620,25
1621,25
1622,25
1623,25
1624,26
1625,26
1626,26
1627,26
1628,26
1629,26
1630,26
1631,26
1632,26
1633,26
1634,26
1635,26
1636,26
1637,26
1638,27
1639,27
1640,27
1641,27
1642,27
1643,27
1644,27
1645,27
1646,27
1647,27
1648,27
1649,27
1650,27
1651,27
1652,27
1653,27
1654,27
1655,27
1656,27
1657,27
1658,27
1659,27
1660,27
1661,27
1662,28
1663,28
1664,28
1665,28
1666,28
1667,28
1668,28
1669,28
1670,28
1671,28
1672,28
1673,28
1674,28
1675,28
1676,28
1677,29
1678,29
1679,29
1680,29
1681,29
1682,29
1683,29
1684,29
1685,29
1686,29
1687,30
1688,30
1689,30
1690,30
1691,30
1692,30
1693,30
1694,30
1695,30
1696,30
1697,30
1698,30
1699,31
1700,31
1701,31
1702,31
1703,31
1704,31
1705,31
1706,31
1707,31
1708,31
1709,31
1710,31
1711,31
1712,31
1713,31
1714,31
1715,31
1716,31
1717,31
1718,31
1719,31
1720,31
1721,31
1722,31
1723,31
1724,31
1725,31
1726,31
1727,31
1728,31
1729,31
1730,31
1731,31
1732,31
1733,31
1734,31
1735,31
1736,31
1737,31
1738,31
1739,31
1740,31
1741,31
1742,31
1743,31
1744,31
1745,31
1746,31
1747,31
1748,31
1749,31
1750,31
1751,31
1752,31
1753,31
1754,31
1755,31
1756,31
1757,31
1758,31
1759,31
1760,31
1761,31
1762,31
1763,31
1764,31
1765,31
1766,31
1767,31
1768,31
1769,31
1770,31
1771,31
1772,31
1773,31
1774,31
1775,31
1776,31
1777,31
1778,31
1779,31
1780,31
1781,31
1782,31
1783,31
1784,31
1785,31
1786,31
1787,31
1788,31
1789,31
1790,31
1791,31
1792,31
1793,31
1794,31
1795,31
1796,31
1797,31
1798,31
1799,31
1800,31
1801,31
1802,31
1803,31
1804,31
1805,31
1806,31
1807,31
1808,31
1809,31
1810,31
1811,31
1812,31
1813,31
1814,31
1815,31
1816,31
1817,31
1818,31
1819,31
1820,31
1821,31
1822,31
1823,31
1824,31
1825,31
1826,31
1827,31
1828,31
1829,31
1830,31
1831,31
1832,31
1833,31
1834,31
1835,31
1836,31
1837,31
1838,31
1839,31
1840,31
1841,31
1842,32
1843,32
1844,32
1845,32
1846,32
1847,32
1848,32
1849,32
1850,32
1851,32
1852,32
1853,32
1854,32
1855,32
1856,32
1857,32
1858,32
1859,32
1860,32
1861,32
1862,32
1863,32
1864,32
1865,32
1866,32
1867,32
1868,32
1869,32
1870,32
1871,32
1872,32
1873,32
1874,32
1875,32
1876,32
1877,32
1878,32
1879,32
1880,32
1881,32
1882,32
1883,32
1884,32
1885,32
1886,32
1887,32
1888,32
1889,32
1890,32
1891,32
1892,32
1893,32
1894,32
1895,32
1896,32
1897,32
1898,32
1899,32
1900,32
1901,32
1902,32
1903,32
1904,32
1905,32
1906,32
1907,32
1908,32
1909,32
1910,32
1911,32
1912,32
1913,32
1914,32
1915,32
1916,32
1917,32
1918,32
1919,32
1920,32
1921,32
1922,32
1923,32
1924,32
1925,32
1926,32
1927,32
1928,32
1929,32
1930,32
1931,32
1932,32
1933,32
1934,32
1935,32
1936,32
1937,32
1938,32
1939,32
1940,32
1941,32
1942,32
1943,32
1944,32
1945,32
1946,32
1947,32
1948,32
1949,32
1950,32
1951,32
1952,32
1953,32
1954,32
1955,32
1956,32
1957,32
1958,32
1959,32
1960,32
1961,32
1962,32
1963,32
1964,32
1965,32
1966,32
1967,32
1968,32
1969,32
1970,32
1971,32
1972,32
1973,32
1974,32
1975,32
1976,32
1977,32
1978,32
1979,32
1980,32
1981,32
1982,32
1983,32
1984,32
1985,32
1986,33
1987,33
1988,33
1989,33
1990,33
1991,33
1992,33
1993,33
1994,33
1995,33
1996,33
1997,33
1998,33
1999,33
2000,33
2001,33
2002,33
2003,33
2004,33
2005,33
2006,33
2007,33
2008,33
2009,33
2010,33
2011,33
2012,33
2013,33
2014,33
2015,33
2016,33
2017,33
2018,33
2019,33
2020,33
2021,33
2022,33
2023,33
2024,33
2025,33
2026,33
2027,33
2028,33
2029,33
2030,33
2031,33
2032,33
2033,33
2034,33
2035,33
2036,33
2037,33
2038,33
2039,33
2040,33
2041,33
2042,33
2043,33
2044,33
2045,33
2046,33
2047,33
2048,33
2049,33
2050,33
2051,33
2052,33
2053,33
2054,33
2055,33
2056,33
2057,33
2058,33
2059,33
2060,33
2061,33
2062,33
2063,33
2064,33
2065,33
2066,33
2067,33
2068,33
2069,33
2070,33
2071,33
2072,33
2073,33
2074,33
2075,33
2076,33
2077,33
2078,33
2079,33
2080,33
2081,33
2082,33
2083,33
2084,33
2085,33
2086,33
2087,33
2088,33
2089,33
2090,33
2091,33
2092,33
2093,33
2094,33
2095,33
2096,33
2097,33
2098,33
2099,33
2100,33
2101,33
2102,33
2103,33
2104,33
2105,33
2106,33
2107,33
2108,33
2109,33
2110,33
2111,33
2112,33
2113,33
2114,33
2115,33
2116,33
2117,33
2118,33
2119,33
2120,33
2121,33
2122,33
2123,33
2124,33
2125,33
2126,33
2127,33
2128,33
2129,33
2130,34
2131,34
2132,34
2133,34
2134,34
2135,34
2136,34
2137,34
2138,34
2139,34
2140,34
2141,34
2142,34
2143,34
2144,34
2145,34
2146,34
2147,34
2148,34
2149,34
2150,34
2151,34
2152,34
2153,34
2154,34
2155,34
2156,34
2157,34
2158,34
2159,34
2160,34
2161,34
2162,34
2163,34
2164,34
2165,34
2166,34
2167,34
2168,34
2169,34
2170,34
2171,34
2172,34
2173,34
2174,34
2175,34
2176,34
2177,34
2178,34
2179,34
2180,34
2181,34
2182,34
2183,34
2184,34
2185,34
2186,34
2187,34
2188,34
2189,34
2190,34
2191,34
2192,34
2193,34
2194,34
2195,34
2196,34
2197,34
2198,34
2199,34
2200,34
2201,34
2202,34
2203,34
2204,34
2205,34
2206,34
2207,34
2208,34
2209,34
2210,34
2211,34
2212,34
2213,34
2214,34
2215,34
2216,34
2217,34
2218,34
2219,34
2220,34
2221,34
2222,34
2223,34
2224,34
2225,34
2226,34
2227,34
2228,34
2229,34
2230,34
2231,34
2232,34
2233,34
2234,34
2235,34
2236,34
2237,34
2238,34
2239,34
2240,34
2241,34
2242,34
2243,34
2244,34
2245,34
2246,34
2247,34
2248,34
2249,34
2250,34
2251,34
2252,34
2253,34
2254,34
2255,34
2256,34
2257,34
2258,34
2259,34
2260,34
2261,34
2262,34
2263,34
2264,34
2265,34
2266,34
2267,34
2268,34
2269,34
2270,34
2271,34
2272,34
2273,34
2274,35
2275,35
2276,35
2277,35
2278,35
2279,35
2280,35
2281,35
2282,35
2283,35
2284,35
2285,35
2286,35
2287,35
2288,35
2289,35
2290,35
2291,35
2292,35
2293,35
2294,35
2295,35
2296,35
2297,35
2298,35
2299,35
2300,35
2301,35
2302,35
2303,35
2304,35
2305,35
2306,35
2307,35
2308,35
2309,35
2310,35
2311,35
2312,35
2313,35
2314,35
2315,35
2316,35
2317,35
2318,35
2319,35
2320,35
2321,35
2322,35
2323,35
2324,35
2325,35
2326,35
2327,35
2328,35
2329,35
2330,35
2331,35
2332,35
2333,35
2334,35
2335,35
2336,35
2337,35
2338,35
2339,35
2340,35
2341,35
2342,35
2343,35
2344,35
2345,35
2346,35
2347,35
2348,35
2349,35
2350,35
2351,35
2352,35
2353,35
2354,35
2355,35
2356,35
2357,35
2358,35
2359,35
2360,35
2361,35
2362,35
2363,35
2364,35
2365,35
2366,35
2367,35
2368,35
2369,35
2370,35
2371,35
2372,35
2373,35
2374,35
2375,35
2376,35
2377,35
2378,35
2379,35
2380,35
2381,35
2382,35
2383,35
2384,35
2385,35
2386,35
2387,35
2388,35
2389,35
2390,35
2391,35
2392,35
2393,35
2394,35
2395,35
2396,35
2397,35
2398,35
2399,35
2400,35
2401,35
2402,35
2403,35
2404,35
2405,35
2406,35
2407,35
2408,35
2409,35
2410,35
2411,35
2412,35
2413,35
2414,35
2415,35
2416,35
2417,36
2418,36
2419,36
2420,36
2421,36
2422,36
2423,36
2424,36
2425,36
2426,36
2427,36
2428,36
2429,36
2430,36
2431,36
2432,36
2433,36
2434,36
2435,36
2436,36
2437,36
2438,36
2439,36
2440,36
2441,36
2442,36
2443,36
2444,36
2445,36
2446,36
2447,36
2448,36
2449,36
2450,36
2451,36
2452,36
2453,36
2454,36
2455,36
2456,36
2457,36
2458,36
2459,36
2460,36
2461,36
2462,36
2463,36
2464,36
2465,36
2466,36
2467,36
2468,36
2469,36
2470,36
2471,36
2472,36
2473,36
2474,36
2475,36
2476,36
2477,36
2478,36
2479,36
2480,36
2481,36
2482,36
2483,36
2484,36
2485,36
2486,36
2487,36
2488,36
2489,36
2490,36
2491,36
2492,36
2493,36
2494,36
2495,36
2496,36
2497,36
2498,36
2499,36
2500,36
2501,36
2502,36
2503,36
2504,36
2505,36
2506,36
2507,36
2508,36
2509,36
2510,36
2511,36
2512,36
2513,36
2514,36
2515,36
2516,36
2517,36
2518,36
2519,36
2520,36
2521,36
2522,36
2523,36
2524,36
2525,36
2526,36
2527,36
2528,36
2529,36
2530,36
2531,36
2532,36
2533,36
2534,36
2535,36
2536,36
2537,36
2538,36
2539,36
2540,36
2541,36
2542,36
2543,36
2544,36
2545,36
2546,36
2547,36
2548,36
2549,36
2550,36
2551,36
2552,36
2553,36
2554,36
2555,36
2556,36
2557,36
2558,36
2559,36
2560,36
2561,37
2562,37
2563,37
2564,37
2565,37
2566,37
2567,37
2568,37
2569,37
2570,37
2571,37
2572,37
2573,37
2574,37
2575,37
2576,37
2577,37
2578,37
2579,37
2580,37
2581,37
2582,37
2583,37
2584,37
2585,37
2586,37
2587,37
2588,37
2589,37
2590,37
2591,37
2592,37
2593,37
2594,37
2595,37
2596,37
2597,37
2598,37
2599,37
2600,37
2601,37
2602,37
2603,37
2604,37
2605,37
2606,37
2607,37
2608,37
2609,37
2610,37
2611,37
2612,37
2613,37
2614,37
2615,37
2616,37
2617,37
2618,37
2619,37
2620,37
2621,37
2622,37
2623,37
2624,37
2625,37
2626,37
2627,37
2628,37
2629,37
2630,37
2631,37
2632,37
2633,37
2634,37
2635,37
2636,37
2637,37
2638,37
2639,37
2640,37
2641,37
2642,37
2643,37
2644,37
2645,37
2646,37
2647,37
2648,37
2649,37
2650,37
2651,37
2652,37
2653,37
2654,37
2655,37
2656,37
2657,37
2658,37
2659,37
2660,37
2661,37
2662,37
2663,37
2664,37
2665,37
2666,37
2667,37
2668,37
2669,37
2670,37
2671,37
2672,37
2673,37
2674,37
2675,37
2676,37
2677,37
2678,37
2679,37
2680,37
2681,37
2682,37
2683,37
2684,37
2685,37
2686,37
2687,37
2688,37
2689,37
2690,37
2691,37
2692,37
2693,37
2694,37
2695,37
2696,37
2697,37
2698,37
2699,37
2700,37
2701,37
2702,37
2703,37
2704,37
2705,38
2706,38
2707,38
2708,38
2709,38
2710,38
2711,38
2712,38
2713,38
2714,38
2715,38
2716,38
2717,38
2718,38
2719,38
2720,38
2721,38
2722,38
2723,38
2724,38
2725,38
2726,38
2727,38
2728,38
2729,38
2730,38
2731,38
2732,38
2733,38
2734,38
2735,38
2736,38
2737,38
2738,38
2739,38
2740,38
2741,38
2742,38
2743,38
2744,38
2745,38
2746,38
2747,38
2748,38
2749,38
2750,38
2751,38
2752,38
2753,38
2754,38
2755,38
2756,38
2757,38
2758,38
2759,38
2760,38
2761,38
2762,38
2763,38
2764,38
2765,38
2766,38
2767,38
2768,38
2769,38
2770,38
2771,38
2772,38
2773,38
2774,38
2775,38
2776,38
2777,38
2778,38
2779,38
2780,38
2781,38
2782,38
2783,38
2784,38
2785,38
2786,38
2787,38
2788,38
2789,38
2790,38
2791,38
2792,38
2793,38
2794,38
2795,38
2796,38
2797,38
2798,38
2799,38
2800,38
2801,38
2802,38
2803,38
2804,38
2805,38
2806,38
2807,38
2808,38
2809,38
2810,38
2811,38
2812,38
2813,38
2814,38
2815,38
2816,38
2817,38
2818,38
2819,38
2820,38
2821,38
2822,38
2823,38
2824,38
2825,38
2826,38
2827,38
2828,38
2829,38
2830,38
2831,38
2832,38
2833,38
2834,38
2835,38
2836,38
2837,38
2838,38
2839,38
2840,38
2841,38
2842,38
2843,38
2844,38
2845,38
2846,38
2847,38
2848,39
2849,39
2850,39
2851,39
2852,39
2853,39
2854,39
2855,39
2856,39
2857,39
2858,39
2859,39
2860,39
2861,39
2862,39
2863,39
2864,39
2865,39
2866,39
2867,39
2868,39
2869,39
2870,39
2871,39
2872,39
2873,39
2874,39
2875,39
2876,39
2877,39
2878,39
2879,39
2880,39
2881,39
2882,39
2883,39
2884,39
2885,39
2886,39
2887,39
2888,39
2889,39
2890,39
2891,39
2892,39
2893,39
2894,39
2895,39
2896,39
2897,39
2898,39
2899,39
2900,39
2901,39
2902,39
2903,39
2904,39
2905,39
2906,39
2907,39
2908,39
2909,39
2910,39
2911,39
2912,39
2913,39
2914,39
2915,39
2916,39
2917,39
2918,39
2919,39
2920,39
2921,39
2922,39
2923,39
2924,39
2925,39
2926,39
2927,39
2928,39
2929,39
2930,39
2931,39
2932,39
2933,39
2934,39
2935,39
2936,39
2937,39
2938,39
2939,39
2940,39
2941,39
2942,39
2943,39
2944,39
2945,39
2946,39
2947,39
2948,39
2949,39
2950,39
2951,39
2952,39
2953,39
2954,39
2955,39
2956,39
2957,39
2958,39
2959,39
2960,39
2961,39
2962,39
2963,39
2964,39
2965,39
2966,39
2967,39
2968,39
2969,39
2970,39
2971,39
2972,39
2973,39
2974,39
2975,39
2976,39
2977,39
2978,39
2979,39
2980,39
2981,39
2982,39
2983,39
2984,39
2985,39
2986,39
2987,39
2988,39
2989,39
2990,40
2991,40
2992,40
2993,40
2994,40
2995,40
2996,40
2997,40
2998,40
2999,40
3000,40
3001,40
3002,40
3003,40
3004,40
3005,40
3006,40
3007,40
3008,40
3009,40
3010,40
3011,40
3012,40
3013,40
3014,40
3015,40
3016,40
3017,40
3018,40
3019,40
3020,40
3021,40
3022,40
3023,40
3024,40
3025,40
3026,40
3027,40
3028,40
3029,40
3030,40
3031,40
3032,40
3033,40
3034,40
3035,40
3036,40
3037,40
3038,40
3039,40
3040,40
3041,40
3042,40
3043,40
3044,40
3045,40
3046,40
3047,40
3048,40
3049,40
3050,40
3051,40
3052,40
3053,40
3054,40
3055,40
3056,40
3057,40
3058,40
3059,40
3060,40
3061,40
3062,40
3063,40
3064,40
3065,40
3066,40
3067,40
3068,40
3069,40
3070,40
3071,40
3072,40
3073,40
3074,40
3075,40
3076,40
3077,40
3078,40
3079,40
3080,40
3081,40
3082,40
3083,40
3084,40
3085,40
3086,40
3087,40
3088,40
3089,40
3090,40
3091,40
3092,40
3093,40
3094,40
3095,40
3096,40
3097,40
3098,40
3099,40
3100,40
3101,40
3102,40
3103,40
3104,40
3105,40
3106,40
3107,40
3108,40
3109,40
3110,40
3111,40
3112,40
3113,40
3114,40
3115,40
3116,40
3117,40
3118,40
3119,40
3120,40
3121,40
3122,40
3123,40
3124,40
3125,40
3126,40
3127,40
3128,40
3129,40
3130,40
3131,40
3132,40
3133,41
3134,41
3135,41
3136,41
3137,41
3138,41
3139,41
3140,41
3141,41
3142,41
3143,41
3144,41
3145,41
3146,41
3147,41
3148,41
3149,41
3150,41
3151,41
3152,41
3153,41
3154,41
3155,41
3156,41
3157,41
3158,41
3159,41
3160,41
3161,41
3162,41
3163,41
3164,41
3165,41
3166,41
3167,41
3168,41
3169,41
3170,41
3171,41
3172,41
3173,41
3174,41
3175,41
3176,41
3177,41
3178,41
3179,41
3180,41
3181,41
3182,41
3183,41
3184,41
3185,41
3186,41
3187,41
3188,41
3189,41
3190,41
3191,41
3192,41
3193,41
3194,41
3195,41
3196,41
3197,41
3198,41
3199,41
3200,41
3201,41
3202,41
3203,41
3204,41
3205,41
3206,41
3207,41
3208,41
3209,41
3210,41
3211,41
3212,41
3213,41
3214,41
3215,41
3216,41
3217,41
3218,41
3219,41
3220,41
3221,41
3222,41
3223,41
3224,41
3225,41
3226,41
3227,41
3228,41
3229,41
3230,41
3231,41
3232,41
3233,41
3234,41
3235,41
3236,41
3237,41
3238,41
3239,41
3240,41
3241,41
3242,41
3243,41
3244,41
3245,41
3246,41
3247,41
3248,41
3249,41
3250,41
3251,41
3252,41
3253,41
3254,41
3255,41
3256,41
3257,41
3258,41
3259,41
3260,41
3261,41
3262,41
3263,41
3264,41
3265,41
3266,41
3267,41
3268,41
3269,41
3270,41
3271,41
3272,41
3273,41
3274,41
3275,41
3276,41
3277,42
3278,42
3279,42
3280,42
3281,42
3282,42
3283,42
3284,42
3285,42
3286,42
3287,42
3288,42
3289,42
3290,42
3291,42
3292,42
3293,42
3294,42
3295,42
3296,42
3297,42
3298,42
3299,42
3300,42
3301,42
3302,42
3303,42
3304,42
3305,42
3306,42
3307,42
3308,42
3309,42
3310,42
3311,42
3312,42
3313,42
3314,42
3315,42
3316,42
3317,42
3318,42
3319,42
3320,42
3321,42
3322,42
3323,42
3324,42
3325,42
3326,42
3327,42
3328,42
3329,42
3330,42
3331,42
3332,42
3333,42
3334,42
3335,42
3336,42
3337,42
3338,42
3339,42
3340,42
3341,42
3342,42
3343,42
3344,42
3345,42
3346,42
3347,42
3348,42
3349,42
3350,42
3351,42
3352,42
3353,42
3354,42
3355,42
3356,42
3357,42
3358,42
3359,42
3360,42
3361,42
3362,42
3363,42
3364,42
3365,42
3366,42
3367,42
3368,42
3369,42
3370,42
3371,42
3372,42
3373,42
3374,42
3375,42
3376,42
3377,42
3378,42
3379,42
3380,42
3381,42
3382,42
3383,42
3384,42
3385,42
3386,42
3387,42
3388,42
3389,42
3390,42
3391,42
3392,42
3393,42
3394,42
3395,42
3396,42
3397,42
3398,42
3399,42
3400,42
3401,42
3402,42
3403,42
3404,42
3405,42
3406,42
3407,42
3408,42
3409,42
3410,42
3411,42
3412,42
3413,42
3414,42
3415,42
3416,42
3417,42
3418,42
3419,42
3420,42
3421,43
3422,43
3423,43
3424,43
3425,43
3426,43
3427,43
3428,43
3429,43
3430,43
3431,43
3432,43
3433,43
3434,43
3435,43
3436,43
3437,43
3438,43
3439,43
3440,43
3441,43
3442,43
3443,43
3444,43
3445,43
3446,43
3447,43
3448,43
3449,43
3450,43
3451,43
3452,43
3453,43
3454,43
3455,43
3456,43
3457,43
3458,43
3459,43
3460,43
3461,43
3462,43
3463,43
3464,43
3465,43
3466,43
3467,43
3468,43
3469,43
3470,43
3471,43
3472,43
3473,43
3474,43
3475,43
3476,43
3477,43
3478,43
3479,43
3480,43
3481,43
3482,43
3483,43
3484,43
3485,43
3486,43
3487,43
3488,43
3489,43
3490,43
3491,43
3492,43
3493,43
3494,43
3495,43
3496,43
3497,43
3498,43
3499,43
3500,43
3501,43
3502,43
3503,43
3504,43
3505,43
3506,43
3507,43
3508,43
3509,43
3510,43
3511,43
3512,43
3513,43
3514,43
3515,43
3516,43
3517,43
3518,43
3519,43
3520,43
3521,43
3522,43
3523,43
3524,43
3525,43
3526,43
3527,43
3528,43
3529,43
3530,43
3531,43
3532,43
3533,43
3534,43
3535,43
3536,43
3537,43
3538,43
3539,43
3540,43
3541,43
3542,43
3543,43
3544,43
3545,43
3546,43
3547,43
3548,43
3549,43
3550,43
3551,43
3552,43
3553,43
3554,43
3555,43
3556,43
3557,43
3558,43
3559,43
3560,43
3561,43
3562,43
3563,43
3564,43
3565,44
3566,44
3567,44
3568,44
3569,44
3570,44
3571,44
3572,44
3573,44
3574,44
3575,44
3576,44
3577,44
3578,44
3579,44
3580,44
3581,44
3582,44
3583,44
3584,44
3585,44
3586,44
3587,44
3588,44
3589,44
3590,44
3591,44
3592,44
3593,44
3594,44
3595,44
3596,44
3597,44
3598,44
3599,44
3600,44
3601,44
3602,44
3603,44
3604,44
3605,44
3606,44
3607,44
3608,44
3609,44
3610,44
3611,44
3612,44
3613,44
3614,44
3615,44
3616,44
3617,44
3618,44
3619,44
3620,44
3621,44
3622,44
3623,44
3624,44
3625,44
3626,44
3627,44
3628,44
3629,44
3630,44
3631,44
3632,44
3633,44
3634,44
3635,44
3636,44
3637,44
3638,44
3639,44
3640,44
3641,44
3642,44
3643,44
3644,44
3645,44
3646,44
3647,44
3648,44
3649,44
3650,44
3651,44
3652,44
3653,44
3654,44
3655,44
3656,44
3657,44
3658,44
3659,44
3660,44
3661,44
3662,44
3663,44
3664,44
3665,44
3666,44
3667,44
3668,44
3669,44
3670,44
3671,44
3672,44
3673,44
3674,44
3675,44
3676,44
3677,44
3678,44
3679,44
3680,44
3681,44
3682,44
3683,44
3684,44
3685,44
3686,44
3687,44
3688,44
3689,44
3690,44
3691,44
3692,44
3693,44
3694,44
3695,44
3696,44
3697,44
3698,44
3699,44
3700,44
3701,44
3702,44
3703,44
3704,44
3705,44
3706,44
3707,44
3708,44
3709,45
3710,45
3711,45
3712,45
3713,45
3714,45
3715,45
3716,45
3717,45
3718,45
3719,45
3720,45
3721,45
3722,45
3723,45
3724,45
3725,45
3726,45
3727,45
3728,45
3729,45
3730,45
3731,45
3732,45
3733,45
3734,45
3735,45
3736,45
3737,45
3738,45
3739,45
3740,45
3741,45
3742,45
3743,45
3744,45
3745,45
3746,45
3747,45
3748,45
3749,45
3750,45
3751,45
3752,45
3753,45
3754,45
3755,45
3756,45
3757,45
3758,45
3759,45
3760,45
3761,45
3762,45
3763,45
3764,45
3765,45
3766,45
3767,45
3768,45
3769,45
3770,45
3771,45
3772,45
3773,45
3774,45
3775,45
3776,45
3777,45
3778,45
3779,45
3780,45
3781,45
3782,45
3783,45
3784,45
3785,45
3786,45
3787,45
3788,45
3789,45
3790,45
3791,45
3792,45
3793,45
3794,45
3795,45
3796,45
3797,45
3798,45
3799,45
3800,45
3801,45
3802,45
3803,45
3804,45
3805,45
3806,45
3807,45
3808,45
3809,45
3810,45
3811,45
3812,45
3813,45
3814,45
3815,45
3816,45
3817,45
3818,45
3819,45
3820,45
3821,45
3822,45
3823,45
3824,45
3825,45
3826,45
3827,45
3828,45
3829,45
3830,45
3831,45
3832,45
3833,45
3834,45
3835,45
3836,45
3837,45
3838,45
3839,45
3840,45
3841,45
3842,45
3843,45
3844,45
3845,45
3846,45
3847,45
3848,45
3849,45
3850,45
3851,45
3852,45
3853,46
3854,46
3855,46
3856,46
3857,46
3858,46
3859,46
3860,46
3861,46
3862,46
3863,46
3864,46
3865,46
3866,46
3867,46
3868,46
3869,46
3870,46
3871,46
3872,46
3873,46
3874,46
3875,46
3876,46
3877,46
3878,46
3879,46
3880,46
3881,46
3882,46
3883,46
3884,46
3885,46
3886,46
3887,46
3888,46
3889,46
3890,46
3891,46
3892,46
3893,46
3894,46
3895,46
3896,46
3897,46
3898,46
3899,46
3900,46
3901,46
3902,46
3903,46
3904,46
3905,46
3906,46
3907,46
3908,46
3909,46
3910,46
3911,46
3912,46
3913,46
3914,46
3915,46
3916,46
3917,46
3918,46
3919,46
3920,46
3921,46
3922,46
3923,46
3924,46
3925,46
3926,46
3927,46
3928,46
3929,46
3930,46
3931,46
3932,46
3933,46
3934,46
3935,46
3936,46
3937,46
3938,46
3939,46
3940,46
3941,46
3942,46
3943,46
3944,46
3945,46
3946,46
3947,46
3948,46
3949,46
3950,46
3951,46
3952,46
3953,46
3954,46
3955,46
3956,46
3957,46
3958,46
3959,46
3960,46
3961,46
3962,46
3963,46
3964,46
3965,46
3966,46
3967,46
3968,46
3969,46
3970,46
3971,46
3972,46
3973,46
3974,46
3975,46
3976,46
3977,46
3978,46
3979,46
3980,46
3981,46
3982,46
3983,46
3984,46
3985,46
3986,46
3987,46
3988,46
3989,46
3990,46
3991,46
3992,46
3993,46
3994,46
3995,46
3996,47
3997,47
3998,47
3999,47
4000,47
4001,47
4002,47
4003,47
4004,47
4005,47
4006,47
4007,47
4008,47
4009,47
4010,47
4011,47
4012,47
4013,47
4014,47
4015,47
4016,47
4017,47
4018,47
4019,47
4020,47
4021,47
4022,47
4023,47
4024,47
4025,47
4026,47
4027,47
4028,47
4029,47
4030,47
4031,47
4032,47
4033,47
4034,47
4035,47
4036,47
4037,47
4038,47
4039,47
4040,47
4041,47
4042,47
4043,47
4044,47
4045,47
4046,47
4047,47
4048,47
4049,47
4050,47
4051,47
4052,47
4053,47
4054,47
4055,47
4056,47
4057,47
4058,47
4059,47
4060,47
4061,47
4062,47
4063,47
4064,47
4065,47
4066,47
4067,47
4068,47
4069,47
4070,47
4071,47
4072,47
4073,47
4074,47
4075,47
4076,47
4077,47
4078,47
4079,47
4080,47
4081,47
4082,47
4083,47
4084,47
4085,47
4086,47
4087,47
4088,47
4089,47
4090,47
4091,47
4092,47
4093,47
4094,47
4095,47
4096,47
4097,47
4098,47
4099,47
4100,47
4101,47
4102,47
4103,47
4104,47
4105,47
4106,47
4107,47
4108,47
4109,47
4110,47
4111,47
4112,47
4113,47
4114,47
4115,47
4116,47
4117,47
4118,47
4119,47
4120,47
4121,47
4122,47
4123,47
4124,47
4125,47
4126,47
4127,47
4128,47
4129,47
4130,47
4131,47
4132,47
4133,47
4134,47
4135,47
4136,47
4137,47
4138,48
4139,48
4140,48
4141,48
4142,48
4143,48
4144,48
4145,48
4146,48
4147,48
4148,48
4149,48
4150,48
4151,48
4152,48
4153,48
4154,48
4155,48
4156,48
4157,48
4158,48
4159,48
4160,48
4161,48
4162,48
4163,48
4164,48
4165,48
4166,48
4167,48
4168,48
4169,48
4170,48
4171,48
4172,48
4173,48
4174,48
4175,48
4176,48
4177,48
4178,48
4179,48
4180,48
4181,48
4182,48
4183,48
4184,48
4185,48
4186,48
4187,48
4188,48
4189,48
4190,48
4191,48
4192,48
4193,48
4194,48
4195,48
4196,48
4197,48
4198,48
4199,48
4200,48
4201,48
4202,48
4203,48
4204,48
4205,48
4206,48
4207,48
4208,48
4209,48
4210,48
4211,48
4212,48
4213,48
4214,48
4215,48
4216,48
4217,48
4218,48
4219,48
4220,48
4221,48
4222,48
4223,48
4224,48
4225,48
4226,48
4227,48
4228,48
4229,48
4230,48
4231,48
4232,48
4233,48
4234,48
4235,48
4236,48
4237,48
4238,48
4239,48
4240,48
4241,48
4242,48
4243,48
4244,48
4245,48
4246,48
4247,48
4248,48
4249,48
4250,48
4251,48
4252,48
4253,48
4254,48
4255,48
4256,48
4257,48
4258,48
4259,48
4260,48
4261,48
4262,48
4263,48
4264,48
4265,48
4266,48
4267,48
4268,48
4269,48
4270,48
4271,48
4272,48
4273,48
4274,48
4275,48
4276,48
4277,48
4278,48
4279,48
4280,48
4281,48
4282,49
4283,49
4284,49
4285,49
4286,49
4287,49
4288,49
4289,49
4290,49
4291,49
4292,49
4293,49
4294,49
4295,49
4296,49
4297,49
4298,49
4299,49
4300,49
4301,49
4302,49
4303,49
4304,49
4305,49
4306,49
4307,49
4308,49
4309,49
4310,49
4311,49
4312,49
4313,49
4314,49
4315,49
4316,49
4317,49
4318,49
4319,49
4320,49
4321,49
4322,49
4323,49
4324,49
4325,49
4326,49
4327,49
4328,49
4329,49
4330,49
4331,49
4332,49
4333,49
4334,49
4335,49
4336,49
4337,49
4338,49
4339,49
4340,49
4341,49
4342,49
4343,49
4344,49
4345,49
4346,49
4347,49
4348,49
4349,49
4350,49
4351,49
4352,49
4353,49
4354,49
4355,49
4356,49
4357,49
4358,49
4359,49
4360,49
4361,49
4362,49
4363,49
4364,49
4365,49
4366,49
4367,49
4368,49
4369,49
4370,49
4371,49
4372,49
4373,49
4374,49
4375,49
4376,49
4377,49
4378,49
4379,49
4380,49
4381,49
4382,49
4383,49
4384,49
4385,49
4386,49
4387,49
4388,49
4389,49
4390,49
4391,49
4392,49
4393,49
4394,49
4395,49
4396,49
4397,49
4398,49
4399,49
4400,49
4401,49
4402,49
4403,49
4404,49
4405,49
4406,49
4407,49
4408,49
4409,49
4410,49
4411,49
4412,49
4413,49
4414,49
4415,49
4416,49
4417,49
4418,49
4419,49
4420,49
4421,49
4422,49
4423,49
4424,50
4425,50
4426,50
4427,50
4428,50
4429,50
4430,50
4431,50
4432,50
4433,50
4434,50
4435,50
4436,50
4437,50
4438,50
4439,50
4440,50
4441,50
4442,50
4443,50
4444,50
4445,50
4446,50
4447,50
4448,50
4449,50
4450,50
4451,50
4452,50
4453,50
4454,50
4455,50
4456,50
4457,50
4458,50
4459,50
4460,50
4461,50
4462,50
4463,50
4464,50
4465,50
4466,50
4467,50
4468,50
4469,50
4470,50
4471,50
4472,50
4473,50
4474,50
4475,50
4476,50
4477,50
4478,50
4479,50
4480,50
4481,50
4482,50
4483,50
4484,50
4485,50
4486,50
4487,50
4488,50
4489,50
4490,50
4491,50
4492,50
4493,50
4494,50
4495,50
4496,50
4497,50
4498,50
4499,50
4500,50
4501,50
4502,50
4503,50
4504,50
4505,50
4506,50
4507,50
4508,50
4509,50
4510,50
4511,50
4512,50
4513,50
4514,50
4515,50
4516,50
4517,50
4518,50
4519,50
4520,50
4521,50
4522,50
4523,50
4524,50
4525,50
4526,50
4527,50
4528,50
4529,50
4530,50
4531,50
4532,50
4533,50
4534,50
4535,50
4536,50
4537,50
4538,50
4539,50
4540,50
4541,50
4542,50
4543,50
4544,50
4545,50
4546,50
4547,50
4548,50
4549,50
4550,50
4551,50
4552,50
4553,50
4554,50
4555,50
4556,50
4557,50
4558,50
4559,50
4560,50
4561,50
4562,50
4563,50
4564,50
4565,51
4566,51
4567,51
4568,51
4569,51
4570,51
4571,51
4572,51
4573,51
4574,51
4575,51
4576,51
4577,51
4578,51
4579,51
4580,51
4581,51
4582,51
4583,51
4584,51
4585,51
4586,51
4587,51
4588,51
4589,51
4590,51
4591,51
4592,51
4593,51
4594,51
4595,51
4596,51
4597,51
4598,51
4599,51
4600,51
4601,51
4602,51
4603,51
4604,51
4605,51
4606,51
4607,51
4608,51
4609,51
4610,51
4611,51
4612,51
4613,51
4614,51
4615,51
4616,51
4617,51
4618,51
4619,51
4620,51
4621,51
4622,51
4623,51
4624,51
4625,51
4626,51
4627,51
4628,51
4629,51
4630,51
4631,51
4632,51
4633,51
4634,51
4635,51
4636,51
4637,51
4638,51
4639,51
4640,51
4641,51
4642,51
4643,51
4644,51
4645,51
4646,51
4647,51
4648,51
4649,51
4650,51
4651,51
4652,51
4653,51
4654,51
4655,51
4656,51
4657,51
4658,51
4659,51
4660,51
4661,51
4662,51
4663,51
4664,51
4665,51
4666,51
4667,51
4668,51
4669,51
4670,51
4671,51
4672,51
4673,51
4674,51
4675,51
4676,51
4677,51
4678,51
4679,51
4680,52
4681,52
4682,52
4683,52
4684,52
4685,52
4686,52
4687,52
4688,52
4689,52
4690,52
4691,52
4692,52
4693,52
4694,52
4695,52
4696,52
4697,52
4698,52
4699,52
4700,52
4701,52
4702,52
4703,52
4704,52
4705,52
4706,52
4707,52
4708,52
4709,52
4710,52
4711,52
4712,52
4713,52
4714,52
4715,52
4716,52
4717,52
4718,52
4719,52
4720,52
4721,52
4722,52
4723,52
4724,52
4725,52
4726,52
4727,52
4728,52
4729,52
4730,52
4731,52
4732,52
4733,52
4734,52
4735,52
4736,52
4737,52
4738,52
4739,52
4740,52
4741,52
4742,53
4743,53
4744,53
4745,53
4746,53
4747,53
4748,53
4749,53
4750,53
4751,53
4752,53
4753,53
4754,53
4755,53
4756,53
4757,53
4758,53
4759,53
4760,53
4761,53
4762,53
4763,53
4764,53
4765,53
4766,53
4767,53
4768,53
4769,53
4770,53
4771,53
4772,53
4773,53
4774,53
4775,53
4776,53
4777,53
4778,53
4779,53
4780,53
4781,53
4782,53
4783,53
4784,53
4785,53
4786,53
4787,53
4788,53
4789,53
4790,53
4791,53
4792,53
4793,53
4794,53
4795,53
4796,53
4797,53
4798,53
4799,53
4800,53
4801,53
4802,53
4803,54
4804,54
4805,54
4806,54
4807,54
4808,54
4809,54
4810,54
4811,54
4812,54
4813,54
4814,54
4815,54
4816,54
4817,54
4818,54
4819,54
4820,54
4821,54
4822,54
4823,54
4824,54
4825,54
4826,54
4827,54
4828,54
4829,54
4830,54
4831,54
4832,54
4833,54
4834,54
4835,54
4836,54
4837,55
4838,55
4839,55
4840,55
4841,55
4842,55
4843,55
4844,55
4845,55
4846,55
4847,55
4848,55
4849,55
4850,55
4851,55
4852,55
4853,55
4854,55
4855,55
4856,55
4857,55
4858,55
4859,55
4860,55
4861,55
4862,55
4863,55
4864,55
4865,55
4866,55
4867,55
4868,55
4869,55
4870,55
4871,56
4872,56
4873,56
4874,56
4875,56
4876,56
4877,56
4878,56
4879,56
4880,56
4881,56
4882,56
4883,56
4884,56
4885,56
4886,56
4887,56
4888,56
4889,56
4890,56
4891,56
4892,56
4893,56
4894,56
4895,56
4896,56
4897,56
4898,57
4899,57
4900,57
4901,57
4902,57
4903,57
4904,57
4905,57
4906,57
4907,57
4908,57
4909,57
4910,57
4911,57
4912,57
4913,57
4914,57
4915,57
4916,57
4917,57
4918,57
4919,58
4920,58
4921,58
4922,58
4923,58
4924,58
4925,58
4926,58
4927,58
4928,58
4929,58
4930,58
4931,58
4932,58
4933,58
4934,58
4935,58
4936,58
4937,59
4938,59
4939,59
4940,59
4941,59
4942,59
4943,59
4944,59
4945,59
4946,59
4947,59
4948,59
4949,59
4950,59
4951,59
4952,59
4953,60
4954,60
4955,60
4956,60
4957,60
4958,60
4959,60
4960,60
4961,60
4962,60
4963,60
